Introduction,output 1,output 2,output 3,output 4,output 5,output 6,output 7,output 8,output 9,output 10
Introduction,"Tablets are an incredible technology that transform the way we access information, play games, and store data. Yet many people are unaware of how tablets are used and what they can be used for. So, in this article we will go over 2 of the most commonly used tablet features and show you how they can benefit your daily life.","Tablets are a class of mobile computing devices that are smaller and more mobile than laptops or desktops. The first tablet computer was introduced by Apple in 2010. The iPad was widely regarded as the starting point for a new category of devices. While tablets are not necessarily the best choice for everyone, they are a great way for people who want to take their work with them anytime, anywhere.","People use tablets for many reasons. They are both work and play devices, and this makes it hard for everyone to decide which model to buy. We'll ask you what you use your tablet for and how you use it, and we'll try to answer your questions with helpful advice. Our team is made up of many people with different backgrounds, so we'll be able to help you get the right tablet for the right purpose.",Tablets are a hot product. They have seen a surge in popularity over the last few years. Their sales have been going up and up. The sales of tablet in the last quarter of 2012 were at 63.6 million. This rapid growth is because of the availability of tablet. The development of tablet has made it possible to buy one on the internet. One can order the tablet through internet and have it delivered at any time.,"The tablet is a type of computing device that's been around since the early-1980s, but it didn't achieve mass commercial success until the early-2000s. The first tablets were small, and could be used just like a regular computer. But as touchscreen technology moved on, so did the tablets: now they are much larger, and are designed to be used in different ways.","Tablets are the smallest and most portable computer you can get at the moment, which is why they are called portable. They are already dominating the personal computing sector, both in and outside the office, and for good reason: they are easier to use than most PCs, they are more comfortable to hold and carry than a laptop, and they offer the same functionality at a much lower price. But are they just a glorified piece of plastic? Can they be more?","Android tablets have been around for a while now, but over the past year operating system updates that have made them Android operating system has evolved, and show a little bit of improvement. With the new operating system called Android 6.0, Google has introduced a new feature called “Doze” which puts the tablet to sleep, when it is not in use. This is a great feature, which will save you a lot of battery life when you are not using the tablet.","There are two types of tablets: tablets for reading books and other documents, and tablets for consuming content, such as movies, TV shows, music, and games. In this article, we’ll take a look at the differences between the two, and how they can be used for their respective purposes.","Most people are familiar with the functionality of tablets, but many don't understand the needs behind their use. For those who are still using a laptop or desktop computer but believe that tablets are the best way to get online, tablet support has been a long time coming and is still far from being the norm. Here's a rundown of tablet functionality and what it can do for you.","The tablet market has gotten a lot more crowded over the last few years. In fact, while the original iPad was released in 2010, it's only now that we're seeing a significant number of tablet options that are more powerful than the original iPad, and that are starting to close in on the iPad's price point. How do you choose between the three main brands of tablet available today?"
,,,,,,,,,,
Factors to consider,"The first thing you notice about a tablet when you buy it is that it looks different from all the other devices on the market. Of course, each of the big manufacturers have their own take on tablets, but the general trend is to make them thin, light and absolutely beautiful. They often come with metal or glass backs, are waterproof and are very easy to grip. It is the combination of the sleek design with the big display that makes them so appealing.","Since the shift to an era of touchscreen mobile devices, manufacturers have been using features to separate their products from the pack. The ability to customize a device's interface has led to the creation of a variety of widgets, widgets that can categorize the apps that are running on the device, or even applications that can customize the look of a specific widget."
Factors to consider,"Buying a new tablet is a big decision, so you need to make sure you get the right one. From the options available, finding the right tablet for you can be a little bit of a challenge. While there are some brands that offer the same features and specifications across all their products, our goal is to help you find a tablet that stands out from the crowd and is perfect for your needs.","Getting the right case for your tablet can make all the difference. Not only does the case protect your tablet, but it can also make your tablet stand out from the pack and provide your tablet with style. Let's go over some of the things to consider when picking the right case for your tablet."
Factors to consider,tablet is a very popular device right now. But people always ask us what tablet tech is all about and why some people don't use it. We usually have to explain that it's not all about the hardware.,"Although tablets are increasingly being used every day for work, school, gaming, and other purposes, they're often seen as a toy, not as a tool. So when people purchase them, they might not take into consideration the importance of styling, color, and ergonomics. To help you out, we've compiled some items that can help you achieve a stylistically pleasing tablet."
Factors to consider,"When you are shopping for a new tablet, the first thing you want to consider is the software on board. Google Play comes installed with all the latest apps and games. If you are looking for a particular app that you can’t find on Google Play, then you can buy and install it on your tablet. This is why the tablet’s OS is very important. Most of the Android tablets sport a stock version of Android operating system. However, there are some tablets that come with custom operating systems.","You can't just have a cool-looking tablet; you need the right Style. Everyone has his or her own personal Style, and that's where a tablet's style comes in. It's the Style of the tablet that will help you make a decision on how to decide on which tablet to buy."
Factors to consider,"Those who seek better tablet deals are often concerned about the actual price of the tablet. We don't really mind being overcharged for a gadget, as long we are getting the best deal for the money we pay. With that in mind, we decided to find some of the most competitive deals we could find on tablets.","Are you looking to buy a new tablet? Perhaps a new tablet in the higher end of the market, with a retina screen, or maybe you're just looking for a new tablet to use for productivity. Whatever the case may be, you'll want to be aware of the price when you make your purchase. Many models are available at a wide range of prices, and you may find yourself searching for the best value."
Factors to consider,"If you've shopped for tablets before, you know that pricing can drive the decision, even if the features look the same. There are some things that you just can't put a price on. The latest trend is the pricing of tablets. For example, Apple's iPad Air is selling for $499, while it was previously $399. Similarly, the Nexus 9 has dropped from $399 to $249.","At a glance, there is a chance that you might believe that electronics devices in the market are more expensive than they used to be. However, the cost of the devices has not escalated so much over the years that it is too hard to get a hold of. You might think that the prices have a lot to do with the materials used to make the device, but it is not the case."
Factors to consider,"The best tablet for you will depend on a number of factors, including price. At the high end, price is only one of a number of considerations. If you only want a good tablet, there are many great options at most price points. But when you start to go beyond mid-range, you’ll find that price is one of a few considerations.","Today's market for tablets is changing rapidly, with cheaper models flooding the market. But not all cheap tablets are necessarily a bad thing, and not all expensive tablets are necessarily a good thing. In this post, we'll look at some of the features that can make a cheap tablet a good buy, and some of the features that can make an expensive tablet a bad one."
Factors to consider,"As tech products become more advanced, the price of that tech product increases. In the case of tablets, the multiple screen sizes and features of different tablets can be a huge investment for the user. But that's not to say there aren't great tablets at a great price—so how do you decide which tablet is right for you?","With the tablet market becoming more crowded due to the emergence of new entrants and the entry of other devices, the differentiating factor between the products in the market is the price. Its the one thing that the customers can directly relate to and will make a purchasing decision accordingly."
,,,,,,,,,,
Benefits of the item,"The iPad has been around for just shy of a decade, but the only thing that hasn't changed is its name. The iPad is the tablet that spawned a billion dollar industry, and it's still going strong—and it hasn't been alone in the tablet market. The Amazon Kindle Fire HD has entered the market, and the smaller-screened Google Nexus 7 is outselling the iPad at an astounding rate.","The beauty of stylus-enabled tablets lies in their ability to become the ultimate designer. A stylus allows you to create drawings that can be saved as images or turned into vector art. With a stylus, you can add layers to your drawings so you can apply different effects, and you can copy and paste texts to create large documents. A stylus also makes it possible to doodle and work on your tablet even when it’s out of sight."
Benefits of the item,"As a ""Style"", I have always been very interested in technology and how it has changed the way we live our lives. And, when I say I am a ""Style"", I don't mean just my clothes - but everything that makes up my life. In fact, I was recently reading an article on the Internet about how technology has come to be a major part of our daily lives, and for many, even our night-time habits.","Tablet is a high-tech device that has been designed to be used in conjunction with a computer. It is a portable device that is used to perform tasks that computers are not well suited to. Tablet is of great benefit to both the individual and businesses. It is often used to store video, music, photos, and reading material. Most Tablet users find that using Tablet enhances the quality of life and also helps to maintain personal and professional reputation."
Benefits of the item,"With the rising popularity of the tablet, and tablet-based computing, many people are looking for ways to enhance their style with the help of tablets. For a tablet to be of any use, it needs to be able to enhance our style, and one easy way to do that is by taking advantage of the touch screen, and the stylus.","Voted one of the Top 10 gadgets for V-day, tablet has come a long way from the days of the first iPhone. The excitement of the iPhone 5 endeared it to millions, and subsequent improvements have kept it at the forefront of the tech industry. Hybrid devices like the iPad Air 2 are the perfect smartphone alternative for people who don't want to step into the full-fledged smartphone experience. The iPad Air 2 is not only a slimmer, lighter tablet, but it also has the perfect amount of processing power and memory to do everything you need it to."
Benefits of the item,"A while back, I bought a Kindle Fire HD, and I was extremely disappointed by the lack of options when it came to fashion. There were no dresses for the Fire, or purses or scarves or shoes, and I spent most of my time in the Amazon store trying to find something that would work. I had no idea that there were so many options on the internet for fashion accessories that would work on a Kindle, and with some research I found that people had made many of these things for the Kindle. I decided to take the initiative and make a few things that I thought would look great on my Kindle Fire HD.","Tablet is a new tablet, which allows to have a better Style in Life (i.e. make you look better), because it allows you to have access to a wide range of android applications (especially those that are useful for Style)."
Benefits of the item,"Fashion is always changing and evolving. The latest season is a mixture of prints, bright colors, and minimalism. The latest trend is minimalism and neutrals. They are ideal for the Fall fashion season. we are now seeing less and less black and white and more and more shades of gray. Black and white is for the colder months. Gray is for Spring and Fall. There is a new trend of color blocking. You can find an outfit in one color, and a hat in another. You can also find a color blocking in an outfit and add a white top, which is the most popular trend in the last 6 months.","For years, the tablet has been used as a convenient how-to tool for storing, scanning, organizing, and reading digital information. Most people nowadays consider tablets to be a necessity in their daily lives. Whether you are looking for a new tablet for yourself or you are just looking for a gift for your loved one, we have gathered several reviews on the best tablet available in the market today."
,,,,,,,,,,
Conclusion,"Today we're visiting another community for technology enthusiasts, tablet. When this blog was created, it was named as the most popular tech blog in the UK, and it has now reached the millions. It has a full page of UK tech news, reviews, and tutorials. It has now gone international, and now covers technology from the US, Australia, and elsewhere. It also has an archive of articles, and a page for product reviews.","Tablets are small computers that are really portable. They are now bigger than laptops, and are a lot thinner and lighter. There are many different types of tablets, from a simple netbook, to a tablet with a keyboard, to a tablet with a touch screen. They all have different uses. Some are used for entertainment, others for reading, and others for showing things like pictures or videos. There are also special tablets that are used for playing games.","This year has seen a boom in the use of tablets – whether they are Android tablets or Apple iPads – as the mobile computing platforms of choice for many consumers. Consumers are ditching their laptops and desktops in favor of tablets because they offer more storage, greater mobility, and a wider range of connectivity options than the devices they replaced.","Tablet is a confusing word these days. You can find it in tablet-tablet, tablet-phone, tablet-PC, tablet-laptop and tablet-smartwatch, but not in tablet-tablet. What does it mean?"
